EBA6908,25-feb-16
ERA4842,25-feb-16
EBA6906,25-feb-16
EBA6907,25-feb-16
EGB101102,25-feb-16
EGB101105,25-feb-16
EGB101106,25-feb-16
ERA5012,25-feb-16
ERA5046,25-feb-16
ERA5047,25-feb-16
ETP250413,25-feb-16
ETP250414,25-feb-16
ETP250415,25-feb-16
ETP250416,25-feb-16
ETP250417,25-feb-16
EGB101274,25-feb-16
EGB101275,25-feb-16
EGB101276,25-feb-16
EGB101277,25-feb-16
EGB101278,25-feb-16
EGB101279,25-feb-16
EGB101272,25-feb-16
EGB101273,25-feb-16
ETP250346,25-feb-16
ETP250347,25-feb-16
ETP250348,25-feb-16
ETP250349,25-feb-16
ETP250350,25-feb-16
EBA6931,25-feb-16
EBA6932,25-feb-16
ETP250342,25-feb-16
ETP250343,25-feb-16
ETP250344,25-feb-16
ETP250345,25-feb-16
ERA4928,25-feb-16
ERA4938,25-feb-16
ERA4922,25-feb-16
ERA4923,25-feb-16
ERA4924,25-feb-16
ERA4925,25-feb-16
ERA4926,25-feb-16
ERA4927,25-feb-16
ERA4918,25-feb-16
ERA4919,25-feb-16
ERA4920,25-feb-16
ERA4921,25-feb-16
ETP250220,25-feb-16
ETP250221,25-feb-16
ETP250194,25-feb-16
ETP250195,25-feb-16
ETP250181,25-feb-16
ETP250182,25-feb-16
ETP250183,25-feb-16
ETP250193,25-feb-16
ETP250122,25-feb-16
ETP250177,25-feb-16
ETP250180,25-feb-16
ETP250118,25-feb-16
ETP250119,25-feb-16
ETP250120,25-feb-16
ETP250121,25-feb-16
ETP250115,25-feb-16
EGB101107,25-feb-16
EGB101131,25-feb-16
EBA6975,25-feb-16
EBA6976,25-feb-16
EBA6977,25-feb-16
ETP251053,25-feb-16
ETP251889,25-feb-16
ETP251890,25-feb-16
ETP251928,25-feb-16
ETP251929,25-feb-16
ETP251824,25-feb-16
ETP251823,25-feb-16
ETP251207,25-feb-16
ETP251208,25-feb-16
ETP251209,25-feb-16
ETP251137,25-feb-16
ETP251138,25-feb-16
ETP251050,25-feb-16
ETP251051,25-feb-16
ETP251052,25-feb-16
ERA5356,25-feb-16
ERA5352,25-feb-16
ERA5275,25-feb-16
ERA5156,25-feb-16
ERA5157,25-feb-16
ERA5169,25-feb-16
ERA5173,25-feb-16
ERA5195,25-feb-16
ERA5221,25-feb-16
ERA5154,25-feb-16
ERA5155,25-feb-16
ERA5117,25-feb-16
ERA5118,25-feb-16
ERA5140,25-feb-16
ERA5141,25-feb-16
ERA5106,25-feb-16
ERA5107,25-feb-16
ERA5108,25-feb-16
ERA5111,25-feb-16
ERA5094,25-feb-16
ERA5100,25-feb-16
ERA5101,25-feb-16
ERA5104,25-feb-16
EGB101762,25-feb-16
EGB101763,25-feb-16
EGB101470,25-feb-16
EGB101471,25-feb-16
EBA6978,25-feb-16
ETP252739,25-feb-16
ERA5693,25-feb-16
