ETP248670,24-feb-16
ETP248669,24-feb-16
ETP248366,24-feb-16
ETP248395,24-feb-16
ETP248018,24-feb-16
ETP247985,24-feb-16
ETP247986,24-feb-16
ETP247988,24-feb-16
ETP247989,24-feb-16
ETP247981,24-feb-16
ETP247983,24-feb-16
ETP247835,24-feb-16
ETP247839,24-feb-16
EGB100968,24-feb-16
ERA4756,24-feb-16
ERA4757,24-feb-16
ERA4778,24-feb-16
ERA4781,24-feb-16
ETP248495,24-feb-16
ETP248496,24-feb-16
ETP248530,24-feb-16
ETP248531,24-feb-16
ETP248532,24-feb-16
ETP250093,24-feb-16
ETP250095,24-feb-16
ETP250096,24-feb-16
ETP250097,24-feb-16
ETP250086,24-feb-16
ETP250088,24-feb-16
ETP250091,24-feb-16
ETP249983,24-feb-16
ETP249985,24-feb-16
ETP250083,24-feb-16
ETP250085,24-feb-16
ETP249718,24-feb-16
ETP249719,24-feb-16
ETP250352,24-feb-16
ETP250353,24-feb-16
ETP250436,24-feb-16
EGB101003,24-feb-16
EGB101004,24-feb-16
ETP251358,24-feb-16
ETP251367,24-feb-16
ETP251368,24-feb-16
ETP251345,24-feb-16
ETP251239,24-feb-16
ETP251240,24-feb-16
ETP251234,24-feb-16
ETP251236,24-feb-16
ETP251238,24-feb-16
ETP251091,24-feb-16
ETP251225,24-feb-16
ETP251081,24-feb-16
ETP251082,24-feb-16
ETP250893,24-feb-16
ETP250894,24-feb-16
ETP250895,24-feb-16
ETP250896,24-feb-16
ETP250569,24-feb-16
ETP250571,24-feb-16
ETP250433,24-feb-16
ETP250370,24-feb-16
ETP250237,24-feb-16
ETP250132,24-feb-16
ETP250133,24-feb-16
ETP250134,24-feb-16
ETP250151,24-feb-16
ETP250152,24-feb-16
ETP250127,24-feb-16
ETP250128,24-feb-16
ETP250065,24-feb-16
ETP250066,24-feb-16
ETP250063,24-feb-16
ETP249956,24-feb-16
ETP249871,24-feb-16
ETP249850,24-feb-16
ETP249757,24-feb-16
ETP249760,24-feb-16
ETP249728,24-feb-16
ERA5232,24-feb-16
ERA5233,24-feb-16
ERA5186,24-feb-16
ERA5228,24-feb-16
ERA5126,24-feb-16
ERA5181,24-feb-16
ERA5182,24-feb-16
ERA5005,24-feb-16
ERA5119,24-feb-16
ERA5122,24-feb-16
ERA4955,24-feb-16
ERA4952,24-feb-16
ERA4876,24-feb-16
ERA4877,24-feb-16
EGB101523,24-feb-16
EGB101572,24-feb-16
EGB101518,24-feb-16
EGB101520,24-feb-16
EGB101521,24-feb-16
EGB101522,24-feb-16
EGB101512,24-feb-16
EGB101516,24-feb-16
EGB101479,24-feb-16
EGB101481,24-feb-16
EGB101484,24-feb-16
EGB101459,24-feb-16
EGB101377,24-feb-16
EGB101378,24-feb-16
EGB101376,24-feb-16
EGB101213,24-feb-16
EGB101214,24-feb-16
EGB101124,24-feb-16
EGB101116,24-feb-16
EGB101119,24-feb-16
EGB101111,24-feb-16
EGB101112,24-feb-16
EGB101066,24-feb-16
EGB101047,24-feb-16
EGB101048,24-feb-16
ETP251863,24-feb-16
ETP251429,24-feb-16
ETP251480,24-feb-16
ETP251481,24-feb-16
ETP251482,24-feb-16
EGB101798,24-feb-16
EGB101799,24-feb-16
EGB101796,24-feb-16
EGB101797,24-feb-16
ETP251914,24-feb-16
ETP251924,24-feb-16
ETP251925,24-feb-16
ETP251903,24-feb-16
ERA5394,24-feb-16
ERA5396,24-feb-16
ERA5397,24-feb-16
ETP251899,24-feb-16
ETP251900,24-feb-16
ERA5391,24-feb-16
ERA5393,24-feb-16
ETP251818,24-feb-16
ETP251835,24-feb-16
ETP251836,24-feb-16
ETP251839,24-feb-16
ETP251840,24-feb-16
ETP251717,24-feb-16
ETP251811,24-feb-16
EGB101788,24-feb-16
EGB101789,24-feb-16
EGB101790,24-feb-16
ETP251693,24-feb-16
ETP251694,24-feb-16
EGB101753,24-feb-16
EGB101778,24-feb-16
ETP251641,24-feb-16
ETP251642,24-feb-16
ETP251645,24-feb-16
ETP251675,24-feb-16
ETP251680,24-feb-16
ETP251628,24-feb-16
ETP251629,24-feb-16
ETP251633,24-feb-16
ETP251634,24-feb-16
ERA5334,24-feb-16
ETP251598,24-feb-16
ETP251612,24-feb-16
ETP251613,24-feb-16
ETP251627,24-feb-16
ERA5328,24-feb-16
ERA5329,24-feb-16
ERA5330,24-feb-16
ERA5333,24-feb-16
EGB101715,24-feb-16
EGB101716,24-feb-16
EGB101718,24-feb-16
EGB101749,24-feb-16
EGB101709,24-feb-16
EGB101710,24-feb-16
EGB101711,24-feb-16
EGB101712,24-feb-16
EGB101713,24-feb-16
EGB101695,24-feb-16
EGB101696,24-feb-16
EGB101697,24-feb-16
ETP251478,24-feb-16
ETP251501,24-feb-16
ETP251502,24-feb-16
ETP251387,24-feb-16
ETP251398,24-feb-16
ETP251399,24-feb-16
ETP251476,24-feb-16
ETP251379,24-feb-16
ETP251380,24-feb-16
ETP251381,24-feb-16
ETP251385,24-feb-16
EGB101603,24-feb-16
EGB101604,24-feb-16
EGB101606,24-feb-16
EGB101607,24-feb-16
EGB101599,24-feb-16
EGB101600,24-feb-16
EGB101601,24-feb-16
ETP251849,24-feb-16
ETP251896,24-feb-16
ETP251926,24-feb-16
ETP251935,24-feb-16
ETP251936,24-feb-16
ETP251952,24-feb-16
ETP251483,24-feb-16
ETP251484,24-feb-16
ETP251505,24-feb-16
ERA5537,24-feb-16
ERA5538,24-feb-16
ERA5539,24-feb-16
ERA5540,24-feb-16
ERA5543,24-feb-16
